Id,population,X_longitude,Y_latitude,variable cost
0,169,104.83171,15.36492,6339
1,143,104.85301,15.33997,13638
2,135,104.83246,15.37019,22007
3,140,104.83682,15.36926,12875
4,192,104.85172,15.36203,17427
5,166,104.83932,15.34136,14856
6,192,104.82063,15.39585,26768
7,114,104.87457,15.3517,27245
8,106,104.82434,15.36184,25155
9,107,104.85177,15.37687,19031
10,111,104.75996,15.33119,25284
11,169,104.76241,15.33388,20417
12,248,104.77025,15.29897,24312
13,135,104.77387,15.31857,16343
14,118,104.74442,15.29421,12229
15,153,104.72969,15.32008,8647
16,169,104.72108,15.3254,8479
17,140,104.70173,15.33466,12438
18,155,104.75898,15.30914,29431
19,213,104.73435,15.32211,13501
20,173,104.78041,15.30789,17950
21,109,104.76812,15.34012,19419
22,86,104.77288,15.34451,19086
23,96,104.74287,15.30569,19921
24,83,104.72965,15.3099,16189
25,234,104.88321,15.24027,27026
26,293,104.88125,15.24271,14656
27,327,104.88466,15.24325,20060
28,152,104.88794,15.24413,15585
29,145,104.88767,15.24115,20174
30,124,104.88769,15.23823,8098
31,251,104.88069,15.23979,20850
32,295,104.85911,15.30154,21669
33,211,104.87425,15.33256,22661
34,503,104.85085,15.27966,6983
35,601,104.83938,15.29331,27612
36,355,104.83258,15.30765,19056
37,859,104.86739,15.28388,26963
38,266,104.81589,15.33093,6060
39,269,104.86808,15.31998,19824
40,265,104.84581,15.32542,29708
41,509,104.85804,15.29484,29711
42,650,104.83065,15.27621,22881
43,608,104.80843,15.29326,22410
44,123,104.80409,15.31718,21403
45,206,104.83525,15.32083,11024
46,675,104.82348,15.26999,19735
47,83,104.86265,15.30271,10431
48,185,104.81178,15.3168,16018
49,1244,104.84514,15.28763,12859
50,188,104.84336,15.30819,24936
51,485,104.82219,15.25313,13948
52,1320,104.8297,15.25987,24276
53,415,104.79893,15.27449,16307
54,284,104.78713,15.2705,13595
55,291,104.77567,15.27182,19762
56,284,104.79636,15.21139,17500
57,189,104.81703,15.22065,23373
58,84,104.81659,15.2063,28965
59,93,104.78484,15.28482,23784
60,240,104.82088,15.26594,23830
61,173,104.70236,15.25288,26812
62,96,104.69908,15.24921,19425
63,207,104.7032,15.24963,20675
64,139,104.70062,15.24711,13419
65,156,104.6995,15.2661,19171
66,71,104.72059,15.25888,25577
67,135,104.72132,15.26218,28543
68,145,104.73543,15.24607,12539
69,138,104.73195,15.24685,25482
70,144,104.73349,15.23175,5286
71,91,104.73684,15.23302,29622
72,99,104.7001,15.24408,14026
73,66,104.69572,15.23443,27928
74,566,104.86372,15.26826,23016
75,1062,104.87215,15.26104,7161
76,519,104.89532,15.29831,21874
77,85,104.90637,15.32909,25584
78,231,104.90877,15.32429,7451
79,158,104.89972,15.34705,29251
80,170,104.89229,15.35591,26387
81,130,104.91498,15.34578,10678
82,54,104.9288,15.33757,11085
83,387,104.92653,15.33421,24320
84,474,104.89131,15.26591,5980
85,574,104.87531,15.27669,25461
86,133,104.89823,15.33514,25235
87,301,104.89855,15.31631,28931
88,558,104.90601,15.27547,13895
89,260,104.92356,15.27916,25197
90,92,104.93647,15.30028,10049
91,45,104.94073,15.29375,14114
92,271,104.95456,15.29565,14825
93,185,104.97619,15.30079,16488
94,129,104.98222,15.32787,17189
95,142,104.97356,15.33402,6725
96,124,104.97828,15.33298,15616
97,85,105.00313,15.33619,27331
98,116,104.9538,15.27999,14704
99,123,104.9539,15.30385,9652
100,202,104.9094,15.25819,8943
101,234,104.91951,15.25812,27597
102,175,104.9678,15.28434,10404
103,206,104.98558,15.28849,14579
104,196,105.01109,15.30144,14413
105,128,105.01121,15.29558,27536
106,113,105.01573,15.30176,26191
107,112,105.01586,15.29826,6016
108,224,104.92216,15.25561,11616
109,169,104.98076,15.28821,9104
110,136,105.02413,15.29733,18543
111,124,104.79448,15.40956,5227
112,188,104.82218,15.33998,20545
113,134,104.79829,15.37662,21266
114,189,104.80674,15.34795,26416
115,164,104.81286,15.38062,29960
116,221,104.81113,15.36489,16610
117,131,104.8167,15.33871,8738
118,156,104.79401,15.37909,25835
119,65,104.69477,15.34817,28956
120,112,104.69152,15.34786,6709
121,199,104.72554,15.35636,6004
122,80,104.72504,15.35922,5307
123,232,104.72146,15.356,19720
124,278,104.72142,15.35268,6980
125,160,104.72282,15.36401,11102
126,141,105.26765,15.51812,5135
127,299,105.26198,15.4908,21409
128,101,105.26913,15.50404,23833
129,72,105.31235,15.48033,5150
130,207,105.33016,15.51895,11308
131,125,105.32371,15.49415,13591
132,267,105.28088,15.48449,22926
133,203,105.26971,15.50884,6614
134,180,105.29125,15.50518,14338
135,251,105.30384,15.48489,16259
136,201,105.31543,15.53112,29522
137,162,105.3613,15.53618,15838
138,282,105.31496,15.53639,21037
139,89,105.25657,15.48507,6719
140,142,105.26413,15.47712,19261
141,159,105.25156,15.47732,8368
142,166,105.23763,15.48221,19527
143,144,105.24031,15.48799,10480
144,184,105.21387,15.49119,21563
145,115,105.24807,15.49366,23605
146,212,105.21689,15.53724,20380
147,70,105.21182,15.53601,29394
148,156,105.22291,15.52362,20465
149,102,105.22318,15.54391,23109
150,116,105.21306,15.52362,28368
151,107,105.20699,15.54816,22206
152,61,105.23624,15.52407,29016
153,129,105.23048,15.5184,27784
154,135,105.23659,15.4149,21176
155,71,105.24263,15.43745,14109
156,174,105.25583,15.4285,28387
157,180,105.25881,15.4209,12140
158,57,105.26888,15.40886,28219
159,113,105.24996,15.39787,27924
160,147,105.26066,15.4056,12178
161,89,105.27415,15.3997,16700
162,129,105.24851,15.44346,19820
163,112,105.23724,15.44223,12911
164,228,105.25613,15.54873,19782
165,148,105.2834,15.54244,17860
166,104,105.28172,15.56922,26454
167,247,105.32424,15.56437,14932
168,64,105.25796,15.53933,20768
169,105,105.29058,15.54774,24989
170,170,105.34183,15.57945,20721
171,90,105.24093,15.55535,12319
172,93,105.24714,15.59498,29963
173,55,105.24898,15.53565,19976
174,140,105.25487,15.59141,24240
175,43,105.28892,15.59117,28111
176,134,105.26307,15.56919,26828
177,101,105.2299,15.59251,13644
178,108,105.27274,15.63968,17246
179,116,105.28003,15.64818,19793
180,151,105.26298,15.57582,8247
181,95,105.23397,15.62015,7013
182,101,105.26318,15.6035,29857
183,76,105.22455,15.56508,19507
184,43,105.22358,15.57205,7928
185,43,105.21681,15.58052,27806
186,75,105.23453,15.56283,24058
187,66,105.23045,15.57893,9074
188,86,105.21135,15.59702,14232
189,92,105.20814,15.61588,11824
190,124,105.21341,15.63469,18125
191,64,105.21821,15.61997,22869
192,155,105.21558,15.60008,6815
193,182,105.32134,15.39245,16051
194,35,105.31302,15.40213,6319
195,58,105.30566,15.39117,20212
196,102,105.34941,15.37415,29884
197,91,105.30522,15.40509,13954
198,83,105.38377,15.38049,26523
199,197,105.35539,15.42116,6250
200,197,105.35652,15.42777,16084
201,74,105.31972,15.40585,21879
202,253,105.35461,15.46813,9390
203,65,105.30036,15.40498,26234
204,66,105.37138,15.45716,12901
205,209,105.3944,15.38408,6988
206,71,105.36163,15.51015,8917
207,181,105.49269,15.57235,20555
208,152,105.47617,15.58386,9775
209,204,105.46391,15.57428,26453
210,110,105.56911,15.68493,21425
211,81,105.6042,15.69079,14403
212,88,105.50465,15.65399,14479
213,200,105.44393,15.58487,17001
214,114,105.47947,15.56722,10612
215,109,105.45204,15.60153,12840
216,151,105.48935,15.65653,23096
217,180,105.37181,15.60664,15224
218,142,105.36045,15.59635,9188
219,165,105.36293,15.65556,25427
220,87,105.34588,15.65806,24043
221,147,105.31326,15.67995,28143
222,187,105.29578,15.44271,10933
223,188,105.30302,15.4539,23227
224,174,105.32766,15.47137,15789
225,396,105.49545,15.31829,18125
226,246,105.48979,15.32423,8709
227,109,105.47424,15.33116,24248
228,195,105.46535,15.28985,12627
229,111,105.41622,15.29937,6060
230,151,105.42988,15.2933,7387
231,101,105.51844,15.31787,26370
232,104,105.55531,15.31997,19032
233,67,105.41197,15.30652,5491
234,184,105.49428,15.31468,26101
235,211,105.43566,15.42711,6710
236,169,105.43124,15.42591,15669
237,150,105.44307,15.45552,6977
238,188,105.41427,15.47014,18220
239,186,105.39303,15.42645,19912
240,152,105.42792,15.51199,6611
241,140,105.49098,15.45747,12964
242,70,105.43249,15.43084,24502
243,204,105.51008,15.55809,21876
244,222,105.54076,15.54855,26006
245,67,105.60631,15.55079,6217
246,128,105.54613,15.47339,13886
247,107,105.6342,15.64561,12488
248,196,105.58663,15.53854,5048
249,99,105.53464,15.58584,7297
250,279,105.51863,15.54664,22928
251,243,105.3847,15.3076,16389
252,111,105.37662,15.30514,26249
253,93,105.37243,15.35433,29169
254,93,105.37248,15.3619,16253
255,92,105.4013,15.37152,8445
256,158,105.40661,15.38576,6658
257,121,105.40109,15.32347,19407
258,127,105.39023,15.31176,9216
259,101,105.46227,15.3436,26217
260,160,105.46266,15.35054,27419
261,70,105.49385,15.39269,14128
262,77,105.54683,15.39916,20373
263,72,105.57325,15.41061,16277
264,54,105.44771,15.39731,27238
265,79,105.4828,15.38915,28107
266,142,105.4664,15.33863,19363
267,179,104.54334,15.3902,24106
268,90,104.54172,15.38758,13685
269,170,104.54726,15.39102,29786
270,311,104.55142,15.39109,7406
271,267,104.55379,15.38706,12925
272,267,104.56296,15.39148,26592
273,141,104.54376,15.4122,29915
274,232,104.56858,15.36365,14322
275,35,104.57534,15.3497,14681
276,199,104.55312,15.33268,23292
277,243,104.54821,15.3332,14410
278,124,104.51839,15.38987,9123
279,207,104.51858,15.38611,27098
280,168,104.51327,15.36149,17962
281,90,104.51095,15.36312,15517
282,99,104.4992,15.36057,16142
283,130,104.52306,15.40448,23038
284,92,104.51095,15.41201,13552
285,81,104.51085,15.42015,21521
286,112,104.48361,15.35341,26857
287,66,104.48566,15.3778,28279
288,112,104.48863,15.40691,21473
289,173,104.48776,15.4038,25281
290,153,104.48066,15.36401,15910
291,135,104.49899,15.35698,23765
292,137,104.52193,15.38521,5846
293,120,104.46867,15.41371,13963
294,155,104.4466,15.39609,10263
295,158,104.4129,15.40053,20176
296,147,104.41642,15.40286,20039
297,85,104.43082,15.3883,25849
298,115,104.43374,15.38151,5794
299,76,104.43746,15.37835,17856
300,96,104.44544,15.41237,11093
301,137,104.46521,15.4158,15687
302,175,104.61459,15.36082,10293
303,101,104.61094,15.36469,7061
304,118,104.59914,15.35684,25360
305,207,104.6027,15.35549,24529
306,127,104.60718,15.37479,12646
307,226,104.59251,15.38277,29081
308,162,104.62087,15.37762,9526
309,133,104.62957,15.39686,28017
310,180,104.61519,15.41266,20313
311,73,104.65026,15.43978,28268
312,93,104.65199,15.38587,23664
313,131,104.62031,15.40424,16221
314,122,104.67487,15.31292,14367
315,97,104.67713,15.31506,25919
316,112,104.67275,15.3016,22936
317,182,104.68045,15.32409,5661
318,161,104.65942,15.33296,16239
319,177,104.63935,15.33976,18637
320,165,104.64343,15.338,10055
321,40,104.68127,15.36298,18868
322,224,104.66305,15.3757,20578
323,179,104.64676,15.33716,13253
324,144,104.66452,15.34334,9586
325,129,104.66189,15.28479,23355
326,148,104.65879,15.28465,24026
327,286,104.66076,15.28805,18834
328,183,104.64796,15.26978,9122
329,110,104.64372,15.27309,9111
330,156,104.68894,15.25342,6128
331,101,104.65337,15.29208,29737
332,110,104.64221,15.29364,6895
333,79,104.66179,15.30087,20035
334,169,104.63576,15.31824,5359
335,153,104.62668,15.31778,21150
336,128,104.60175,15.29914,23909
337,75,104.60078,15.29602,6282
338,137,104.59658,15.29749,9071
339,131,104.60516,15.30024,22883
340,140,104.57484,15.32627,19402
341,175,104.60167,15.31728,26403
342,126,104.60721,15.31009,19225
343,131,104.58832,15.31259,7395
344,111,104.59327,15.30455,23562
345,195,104.6028,15.3086,14828
346,152,104.59302,15.29868,16841
347,150,104.60879,15.29963,5712
348,154,104.54747,15.25706,16809
349,96,104.54504,15.25475,16729
350,35,104.53685,15.26574,18160
351,59,104.53077,15.26062,15772
352,70,104.52713,15.26038,25013
353,99,104.53744,15.28182,19368
354,115,104.54087,15.2844,15686
355,139,104.54949,15.25475,24198
356,144,104.49955,15.29646,23057
357,151,104.49617,15.29752,15395
358,59,104.52072,15.28395,22246
359,83,104.51946,15.28123,19172
360,100,104.51836,15.27194,19008
361,83,104.52113,15.26752,13767
362,139,104.42429,15.31219,9787
363,135,104.42099,15.30962,22226
364,216,104.45369,15.30032,18526
365,80,104.46208,15.29738,19450
366,95,104.48299,15.29355,5015
367,87,104.42551,15.30881,25337
368,95,104.42803,15.30697,25671
369,205,104.44574,15.29707,29818
370,144,104.48797,15.27773,21334
371,185,104.41054,15.29853,27635
372,77,104.43835,15.4667,22987
373,118,104.44182,15.46645,17028
374,158,104.44554,15.45842,22868
375,172,104.44498,15.45503,16511
376,82,104.41102,15.45769,26997
377,114,104.40544,15.44547,14914
378,172,104.40767,15.44336,13425
379,153,104.41042,15.46992,6133
380,232,104.40811,15.47312,23497
381,84,104.45349,15.42653,13850
382,105,104.40501,15.44151,26997
383,118,104.4023,15.44682,18757
384,186,104.46363,15.4923,16711
385,158,104.4668,15.49249,18692
386,67,104.47232,15.49258,5451
387,158,104.46383,15.50403,8688
388,143,104.46777,15.50366,25667
389,141,104.46979,15.50649,15744
390,160,104.43177,15.51785,10319
391,81,104.42704,15.51614,11400
392,111,104.43469,15.51362,29952
393,130,104.40304,15.52157,6162
394,111,104.43339,15.53504,21610
395,92,104.44476,15.53037,23215
396,77,104.40068,15.52811,27280
397,146,104.40166,15.52449,9715
398,142,104.42157,15.51179,26632
399,95,104.40542,15.52343,24641
400,148,104.50334,15.51245,22511
401,250,104.49281,15.50876,14759
402,131,104.49564,15.50935,28688
403,160,104.49581,15.55054,13562
404,115,104.52667,15.44239,7508
405,73,104.52875,15.43687,8687
406,204,104.47817,15.45063,18388
407,182,104.47842,15.44743,23481
408,119,104.47627,15.46574,9680
409,115,104.48626,15.47544,19970
410,105,104.54945,15.43354,6479
411,126,104.55218,15.44899,28271
412,77,104.54906,15.42812,14202
413,146,104.54833,15.46863,7137
414,142,104.54623,15.46595,11944
415,154,104.51975,15.46395,6830
416,220,104.52939,15.48063,20089
417,97,104.52487,15.48347,27132
418,176,104.52121,15.49804,11161
419,121,104.54316,15.50701,28379
420,177,104.54911,15.50284,14812
421,92,104.46548,15.36279,27753
422,110,104.46294,15.36039,16043
423,123,104.45976,15.35782,11219
424,122,104.45783,15.34854,12128
425,108,104.46095,15.34882,17460
426,71,104.46753,15.3472,24127
427,52,104.46696,15.35213,28781
428,133,104.58928,15.45931,14925
429,166,104.58332,15.42453,23459
430,145,104.58069,15.42731,10973
431,119,104.56295,15.46237,27109
432,115,104.56551,15.46026,11251
433,113,104.58589,15.50367,10385
434,79,104.59725,15.46629,28141
435,79,104.62586,15.47573,12140
436,134,104.5856,15.50722,15694
437,294,105.21721,16.04389,6754
438,164,105.10781,16.08355,17678
439,151,105.17312,16.05955,18152
440,157,105.15862,16.06605,29208
441,150,105.15027,16.06877,19388
442,134,105.22656,16.01865,13773
443,434,105.22538,16.04088,11339
444,442,105.22803,16.03703,10945
445,168,105.17561,16.04094,16176
446,130,105.09611,16.07944,25662
447,186,105.23684,16.04006,19747
448,110,105.08693,16.06962,11462
449,268,105.20245,16.04,12923
450,96,105.16731,16.03338,14694
451,170,105.21722,16.01858,14477
452,165,105.18666,16.02616,16828
453,122,105.17614,15.96774,12027
454,158,105.15353,15.97183,11718
455,144,105.19866,15.98662,12524
456,98,105.17709,15.95031,9846
457,106,105.20164,15.95002,17608
458,145,105.23961,15.98568,17698
459,135,105.1451,15.97385,9956
460,103,105.17332,15.94508,17818
461,76,105.19867,15.9681,28618
462,185,105.21764,15.98711,23266
463,58,105.19512,15.95566,25155
464,104,105.17667,15.97316,19428
465,75,105.15877,15.97606,19167
466,116,105.18377,15.96307,11203
467,84,105.14615,15.96842,22584
468,86,105.19351,15.98706,7438
469,166,105.22303,15.86921,22122
470,79,105.23179,15.88301,16219
471,56,105.21679,15.85562,12786
472,62,105.243,15.88726,27518
473,164,105.20694,15.86056,26619
474,114,105.21927,15.88645,26736
475,92,105.22857,15.86857,23941
476,119,105.21757,15.86303,13640
477,259,105.03559,15.9824,21328
478,90,105.08658,15.91904,21412
479,68,105.05601,15.92664,25875
480,101,105.07693,15.97271,24578
481,121,105.07382,15.93742,19374
482,97,105.0826,15.97313,27024
483,221,105.05033,15.94629,8514
484,161,105.09206,15.94473,29010
485,175,105.08013,15.90258,10010
486,146,105.01115,15.96039,6635
487,100,105.1068,15.96984,26724
488,104,105.29036,16.03579,24939
489,153,105.32868,16.02736,24947
490,115,105.25605,16.03945,17271
491,94,105.29973,16.0342,20703
492,81,105.40657,16.01339,22083
493,103,105.36567,16.00121,7157
494,81,105.31825,16.02048,13591
495,157,105.26191,16.03484,16033
496,107,105.25178,16.04113,18013
497,118,105.4047,15.99306,27055
498,203,105.14105,15.92661,11777
499,125,105.14597,15.93154,25062
500,190,105.14203,15.93232,9340
501,73,105.14889,15.92004,24651
502,152,105.13703,15.95203,9881
503,121,105.11935,15.92873,29109
504,144,105.10813,15.91346,24296
505,82,105.12084,15.90985,8194
506,121,105.1331,15.94635,6979
507,99,105.10126,15.89235,15107
508,85,105.09012,16.01391,11795
509,86,105.09083,16.05383,6096
510,117,105.12945,16.00049,29103
511,71,105.08399,16.03507,16978
512,129,105.12166,15.98722,19606
513,71,105.07556,15.99891,19032
514,81,105.07364,16.05659,11596
515,118,105.12204,16.0078,20566
516,77,105.13091,16.03023,10574
517,62,105.09052,16.00008,5402
518,89,105.0969,16.0399,14950
519,57,105.04505,16.03773,20332
520,121,105.04491,16.01312,28961
521,74,105.02802,16.03939,19249
522,118,105.04267,16.00782,20069
523,101,105.05848,16.02167,5604
524,78,105.07102,16.02301,6589
525,106,105.02449,16.03864,10151
526,185,105.01398,16.0169,12400
527,59,105.1645,15.8741,9672
528,88,105.16611,15.83454,13681
529,106,105.13381,15.88355,22623
530,135,105.15348,15.86352,19103
531,116,105.19721,15.89712,25256
532,78,105.19087,15.89192,26373
533,139,105.15044,15.88032,23827
534,349,105.1799,15.88374,19810
535,113,105.17779,15.8729,13474
536,143,105.16829,15.85406,9809
537,80,105.18339,15.85281,5423
538,81,105.14189,15.87331,13666
539,160,105.08592,14.89939,17815
540,38,105.06744,14.89588,24017
541,172,105.05833,14.88526,19504
542,169,105.10488,14.94406,11707
543,87,105.07919,14.90294,9015
544,193,105.08465,14.91069,19662
545,104,105.07463,14.90231,15838
546,120,105.0789,14.90802,27432
547,179,105.07199,14.88517,19927
548,230,105.03037,14.94402,23611
549,73,105.06534,14.89134,25791
550,106,105.07357,14.89644,18939
551,66,105.10527,14.9623,29474
552,103,105.05731,14.90945,10404
553,164,105.08027,14.89849,25860
554,223,105.05478,14.88656,10801
555,196,105.07374,14.91093,24781
556,108,105.08082,14.89557,7461
557,56,105.06359,14.91731,21899
558,98,105.085,14.88514,5703
559,143,105.07192,14.90547,15723
560,133,105.05403,14.88212,19530
561,30,105.05706,14.90221,14277
562,112,105.06631,14.90474,22402
563,184,105.07526,14.90601,16800
564,163,104.95339,15.0147,20182
565,97,104.97213,15.02164,5104
566,205,104.94625,15.01382,5041
567,178,104.9724,15.02556,19992
568,140,104.96669,15.00443,12683
569,132,104.97491,15.00992,26701
570,89,104.99521,15.023,14058
571,23,104.95809,15.02025,21325
572,149,104.94979,14.99922,16223
573,152,104.94841,15.01632,22640
574,153,104.96365,14.99604,10071
575,139,104.97791,15.0212,5110
576,303,104.96838,14.90716,18559
577,115,104.98208,14.88968,15110
578,113,104.91066,14.9287,6788
579,106,104.93766,14.92431,14908
580,62,104.92108,14.94456,16753
581,102,104.98707,14.90946,17466
582,126,104.94913,14.90621,18660
583,215,104.97201,14.90707,10750
584,196,104.86407,14.81346,28481
585,111,104.87507,14.8248,25789
586,155,104.88521,14.82162,9288
587,104,104.83488,14.818,22490
588,116,104.8796,14.8346,9911
589,78,104.87383,14.81302,22086
590,33,104.85963,14.83958,10766
591,60,104.84815,14.80217,10883
592,97,104.83088,14.78489,15573
593,77,104.82417,14.807,24317
594,159,104.82483,14.8045,11538
595,187,104.97623,14.7945,8043
596,147,105.00574,14.79893,26472
597,125,104.99701,14.84344,11420
598,130,104.98736,14.84009,7389
599,149,105.01795,14.80825,14167
600,169,104.98517,14.82991,10180
601,172,104.97755,14.78411,16502
602,128,104.98934,14.79922,20814
603,144,104.9733,14.78231,28284
604,204,105.00066,14.84124,29971
605,131,105.18032,14.97273,10260
606,83,105.25435,14.97116,22692
607,134,105.25581,14.95363,26223
608,151,105.16531,14.94135,20601
609,117,105.15706,14.92599,14501
610,122,105.16287,14.99589,19792
611,110,105.22361,14.97913,9949
612,184,105.24488,14.92586,11233
613,208,105.12721,14.95841,24254
614,102,105.21228,14.92665,14700
615,76,105.20286,14.93238,29797
616,110,105.26996,14.96694,20285
617,125,105.17375,14.96106,29606
618,67,105.22011,14.95638,16053
619,155,105.16128,14.9264,22260
620,111,105.09575,14.78025,19084
621,101,105.07888,14.77788,6491
622,109,105.09173,14.64365,24272
623,41,105.03673,14.68151,25579
624,138,105.05193,14.70847,10633
625,138,105.06979,14.72956,14971
626,44,105.05755,14.71551,15352
627,77,105.09807,14.75595,23738
628,134,105.06633,14.73567,6352
629,77,105.03928,14.69248,19925
630,71,105.13953,14.73546,12680
631,85,105.10583,14.68075,13805
632,131,105.08968,14.65231,17698
633,118,105.10631,14.73746,10122
634,179,105.08109,14.76038,21365
635,107,105.09554,14.77637,18312
636,226,105.11186,14.83913,25190
637,122,105.10655,14.83329,8527
638,196,105.13625,14.80995,11062
639,118,105.13235,14.7728,12004
640,204,105.18676,14.7454,26907
641,141,105.1441,14.77063,16449
642,115,105.15085,14.76272,12128
643,156,105.11264,14.83015,24641
644,138,105.16537,14.73685,6371
645,99,105.18398,14.75977,10331
646,79,105.09708,14.82514,28824
647,74,105.1089,14.85229,10092
648,113,105.13282,14.80491,15431
649,140,105.10723,14.83717,18723
650,164,105.10981,14.83246,6806
651,368,105.0281,14.67893,24414
652,219,105.01288,14.70656,5539
653,138,105.05178,14.72373,10048
654,87,105.0166,14.69362,11291
655,126,104.9853,14.70723,13268
656,128,105.02573,14.67906,26468
657,126,104.9911,14.67835,16318
658,138,105.0467,14.84298,8117
659,142,105.05016,14.83993,9610
660,204,105.03607,14.83553,28646
661,59,105.04934,14.81554,29565
662,116,105.04928,14.83285,14178
663,149,105.06322,14.85113,9316
664,146,105.05079,14.84375,11736
665,69,105.04561,14.83294,8509
666,69,105.05795,14.84889,18556
667,340,105.23275,14.80098,25727
668,260,105.2294,14.84382,9589
669,263,105.23382,14.79648,8669
670,76,105.20191,14.76104,28810
671,76,105.23307,14.74003,5707
672,132,105.20582,14.78225,15055
673,80,105.20322,14.82486,18335
674,129,105.21388,14.7461,21974
675,87,105.17912,14.77992,6075
676,110,105.22982,14.82451,10076
677,103,105.20461,14.8135,13337
678,139,105.20535,14.85292,14699
679,260,105.22872,14.83782,24113
680,187,105.22996,14.79823,16065
681,194,105.23907,14.89441,12256
682,161,105.23999,14.89145,9359
683,90,105.24199,14.89491,29238
684,115,105.17491,14.86753,5326
685,141,105.20833,14.87211,28081
686,70,105.18569,14.89286,9551
687,223,105.2428,14.8919,11641
688,63,105.18537,14.86752,8195
689,108,105.15771,14.87157,9097
690,167,104.93564,14.88117,24142
691,164,104.93299,14.88412,25839
692,226,104.95885,14.86655,25555
693,144,104.91541,14.89539,20439
694,237,104.92947,14.83829,8305
695,184,104.89907,14.83298,16397
696,253,104.89419,14.85653,11156
697,148,104.85139,14.87234,6660
698,201,104.89867,14.89267,17395
699,158,104.9078,14.90791,19673
700,129,105.12276,14.90043,13872
701,125,105.12232,14.89539,20204
702,128,105.08733,14.88905,28522
703,109,105.09567,14.88884,15086
704,86,105.09658,14.90685,5182
705,129,105.13271,14.92856,25038
706,267,105.08217,14.89789,13493
707,113,104.99837,14.96,18397
708,141,104.99322,14.95865,12216
709,155,104.9894,14.96195,6983
710,136,104.98127,14.96832,10459
711,144,104.93987,14.95286,12709
712,36,104.92688,14.95822,6635
713,94,104.93943,14.96997,8615
714,22,104.92735,14.97036,15527
715,68,104.9352,14.94945,14942
716,134,105.02082,14.7449,19834
717,175,105.04594,14.7417,7507
718,132,105.04842,14.75248,18407
719,74,104.98814,14.75415,20982
720,159,105.03973,14.78665,19885
721,108,105.05334,14.74513,9679
722,80,104.98886,14.7581,5317
723,59,104.98175,14.75696,19876
724,141,105.03761,14.77862,14009
725,184,105.25659,14.5373,22043
726,201,105.26831,14.5774,18143
727,179,105.1942,14.4543,29474
728,141,105.30091,14.58119,11364
729,178,105.22001,14.49563,12310
730,110,105.30969,14.58827,17160
731,365,105.25884,14.53407,19638
732,379,105.25561,14.53021,8830
733,150,105.16849,14.49309,27165
734,266,105.25414,14.53549,10547
735,311,105.25161,14.53202,11054
736,258,105.25039,14.52453,28355
737,237,105.25386,14.52169,13724
738,129,105.22085,14.4994,11015
739,60,105.21294,14.65497,9635
740,88,105.18486,14.71675,27234
741,185,105.17758,14.71912,24293
742,174,105.18668,14.65735,20844
743,129,105.19908,14.67621,12628
744,143,105.18936,14.69945,29403
745,43,105.20152,14.70473,8862
746,138,105.18976,14.65444,28654
747,91,105.20255,14.66544,23069
748,161,105.15631,14.68942,23184
749,72,105.16912,14.63697,12768
750,103,105.16988,14.61675,14703
751,148,105.16716,14.58621,18057
752,69,105.16776,14.57826,13890
753,70,105.16516,14.64826,29348
754,51,105.18279,14.63343,23430
755,154,105.15957,14.68832,18701
756,61,105.19029,14.60418,19116
757,116,105.18808,14.55484,15222
758,172,105.22125,14.62903,12402
759,117,105.22766,14.58109,23210
760,228,105.17736,14.53213,5249
761,154,105.16111,14.48965,21288
762,115,105.22511,14.59998,21365
763,173,105.16182,14.48554,16101
764,139,105.22274,14.63297,22442
765,174,105.18085,14.53164,27739
766,112,105.18665,14.53098,25985
767,129,105.22445,14.58242,17224
768,191,105.23145,14.67735,8288
769,137,105.21991,14.71005,28570
770,155,105.27729,14.64308,11028
771,174,105.29116,14.61829,28836
772,126,105.30268,14.60563,11272
773,141,105.25414,14.66338,6812
774,194,105.23491,14.71595,19089
775,66,105.25792,14.64216,19617
776,142,105.22899,14.67869,19882
777,191,105.12234,14.69888,26667
778,81,105.12037,14.69001,16901
779,99,105.13942,14.64374,8002
780,175,105.14953,14.64152,27053
781,117,105.15325,14.65066,20363
782,88,105.16109,14.62802,21252
783,75,105.12835,14.66059,27815
784,102,105.12526,14.70092,13931
785,203,104.98152,14.48664,11914
786,98,104.95899,14.48639,14351
787,148,104.91806,14.48652,14776
788,124,104.94582,14.51645,14435
789,151,104.96639,14.53235,11873
790,264,104.9796,14.47964,12566
791,124,104.94118,14.49741,29233
792,63,104.91427,14.47257,17830
793,81,104.97959,14.53129,29197
794,176,105.09456,14.60739,21704
795,136,105.02102,14.64606,12701
796,97,105.03128,14.66303,28329
797,149,105.0178,14.64334,24915
798,97,105.05178,14.63441,20564
799,102,105.0204,14.65039,17256
800,118,105.04878,14.63789,5344
801,145,104.98536,14.64328,18601
802,116,105.01248,14.64952,24374
803,88,104.99872,14.65437,28255
804,125,105.11142,14.41513,19465
805,170,105.17497,14.39648,24100
806,221,105.18434,14.42314,8730
807,241,105.1157,14.49826,8239
808,159,105.10412,14.45651,9093
809,198,105.06373,14.44919,26153
810,323,105.15815,14.42488,7652
811,317,105.12589,14.44745,24006
812,150,105.09254,14.47846,15249
813,135,105.13835,14.42924,24071
814,229,105.07054,14.44683,16291
815,111,105.13457,14.4945,25824
816,175,105.12017,14.49773,15718
817,91,105.19369,14.39995,10226
818,145,105.05282,14.53734,7617
819,158,105.04398,14.52966,18632
820,265,105.09981,14.53557,12569
821,116,105.08959,14.54035,27809
822,181,105.06545,14.54503,10988
823,188,105.04247,14.55153,16810
824,236,105.05202,14.55845,14196
825,198,105.13443,14.52283,13342
826,138,105.09707,14.53775,9494
827,137,105.04995,14.54047,8795
828,41,105.14038,14.52684,14758
829,197,105.12142,14.51703,23093
830,235,104.99683,14.48496,24963
831,324,104.99334,14.49026,25375
832,195,105.05564,14.47599,12705
833,208,105.00096,14.48927,6686
834,198,105.03156,14.50061,8077
835,244,104.99643,14.49014,26885
836,212,104.98962,14.48901,19792
837,143,105.09533,14.50384,20557
838,424,105.00589,14.4979,18485
839,281,105.00659,14.49003,22478
840,151,105.03895,14.48439,22639
841,204,105.09998,14.57268,18462
842,113,105.13894,14.59147,22894
843,111,105.14633,14.55661,29120
844,95,105.12124,14.58055,8903
845,141,105.14154,14.5519,18865
846,74,105.13179,14.55773,19133
847,63,105.14072,14.55772,27076
848,50,105.10634,14.55027,13679
849,76,105.09858,14.56859,13650
850,79,105.02749,14.58972,23489
851,217,105.02295,14.58902,19319
852,89,105.02814,14.58428,28305
853,157,105.00347,14.6021,16164
854,211,104.9838,14.60819,23531
855,145,104.99823,14.56707,27557
856,148,105.00243,14.56895,28792
857,75,104.97753,14.59394,13239
858,177,105.41107,14.76113,18153
859,191,105.45214,14.71872,16214
860,138,105.47459,14.7999,16511
861,123,105.39368,14.81093,7235
862,87,105.42691,14.79776,22100
863,156,105.45965,14.81035,28106
864,232,105.45834,14.74448,14796
865,249,105.46238,14.77136,27675
866,126,105.41706,14.76111,26470
867,96,105.41453,14.7532,14584
868,150,105.45878,14.74164,10961
869,253,105.36466,14.63546,5248
870,136,105.37718,14.61121,7965
871,189,105.42715,14.63901,7295
872,294,105.37312,14.59194,20794
873,120,105.41438,14.70496,16060
874,241,105.33911,14.55863,5990
875,175,105.35966,14.57511,8275
876,176,105.41536,14.68827,11913
877,248,105.37019,14.67452,25226
878,44,105.38085,14.69022,10594
879,73,105.35037,14.58476,26520
880,209,105.4268,14.70329,10406
881,93,105.41209,14.8523,26662
882,140,105.45052,14.87203,17068
883,166,105.38185,14.84881,28369
884,162,105.42482,14.88639,28748
885,93,105.3584,14.86853,24888
886,111,105.40116,14.8965,7263
887,124,105.45448,14.83938,22522
888,126,105.46433,14.87947,28407
889,166,105.4488,14.85859,24086
890,155,105.35022,14.84929,8515
891,88,105.42511,14.89149,6350
892,129,105.41631,14.85254,25716
893,159,105.29681,14.91224,11763
894,158,105.29357,14.91437,25408
895,144,105.29601,14.83391,8938
896,164,105.30413,14.90765,5316
897,149,105.28962,14.91608,26888
898,115,105.2967,14.90834,25001
899,92,105.29332,14.87289,17994
900,146,105.29046,14.91174,18022
901,199,105.29712,14.79723,9657
902,115,105.27034,14.75579,21386
903,110,105.30605,14.8054,14573
904,187,105.33483,14.8075,17243
905,137,105.30661,14.7452,29019
906,172,105.34309,14.74209,22220
907,139,105.33864,14.73,27408
908,125,105.38882,14.80202,5133
909,227,105.38311,14.81531,18630
910,136,105.26563,14.73646,29732
911,223,105.29786,14.82475,5985
912,199,105.26741,14.75951,24893
913,134,105.30282,14.79822,15244
914,54,105.34107,14.76935,20328
915,141,105.2975,14.80187,14706
916,92,105.30168,14.69697,19598
917,194,105.30991,14.70927,17455
918,130,105.27364,14.68695,25414
919,75,105.31413,14.68978,11347
920,60,105.3528,14.68107,23421
921,63,105.29893,14.64517,24602
922,144,105.26944,14.6876,11330
923,165,105.30488,14.68123,24916
924,136,105.40755,14.75735,14353
925,288,105.40047,14.76,6631
926,62,105.38757,14.74357,8192
927,208,105.39045,14.72395,18008
928,134,105.38082,14.77951,19896
929,90,105.38346,14.78322,25454
930,92,105.35197,14.71456,13607
931,152,105.40521,14.76093,7519
932,91,105.39006,14.72099,6304
933,47,105.35103,14.89422,18030
934,130,105.32239,14.8508,15545
935,187,105.32316,14.86648,23915
936,169,105.32338,14.83877,28603
937,157,105.35178,14.92997,18075
938,113,105.32434,14.83229,19152
939,50,105.32087,14.9343,24127
940,132,105.35355,14.89346,20749
941,187,105.02582,15.60828,16960
942,244,105.03113,15.60851,13512
943,188,105.02403,15.61211,21020
944,347,105.02929,15.61186,6120
945,244,105.02557,15.61414,14151
946,501,105.023,15.60131,20798
947,327,105.00764,15.58524,10567
948,150,105.01942,15.61082,19577
949,171,105.07066,15.59809,15190
950,63,105.07474,15.60051,21016
951,180,105.1094,15.63876,12094
952,91,105.10527,15.64111,10441
953,102,105.05321,15.62042,21263
954,84,105.05233,15.62692,17801
955,133,105.08044,15.60694,22255
956,20,105.05041,15.61784,13602
957,83,105.05672,15.62306,5876
958,135,105.04629,15.68763,19990
959,68,105.07387,15.72294,26158
960,73,105.02535,15.67697,25443
961,45,105.04262,15.70056,20206
962,94,105.03977,15.69651,9544
963,89,105.02321,15.67331,24038
964,210,105.03136,15.67269,23411
965,70,105.04441,15.68939,26713
966,114,105.0454,15.69103,20006
967,83,105.07301,15.72725,12834
968,140,105.03145,15.67744,21228
969,122,105.02912,15.67616,21817
970,78,105.03088,15.69719,28670
971,76,105.03604,15.6994,28400
972,102,105.05977,15.68591,10941
973,65,105.07579,15.56866,6762
974,76,105.09289,15.56468,18720
975,149,105.10835,15.56085,23670
976,130,105.09838,15.57442,13056
977,44,105.07581,15.5791,20201
978,76,105.08212,15.58129,8544
979,66,105.07971,15.56566,21531
980,57,105.13658,15.56513,14467
981,182,104.94486,15.53645,10440
982,124,104.94329,15.54213,24953
983,46,104.96189,15.50991,6734
984,172,104.94724,15.53993,14873
985,92,104.97407,15.50859,27454
986,94,104.92377,15.51704,18399
987,105,104.9717,15.53367,20446
988,114,104.90834,15.54511,7237
989,138,104.91,15.55994,9267
990,171,104.91188,15.58274,13969
991,89,104.96633,15.51064,26362
992,49,104.96706,15.51511,19401
993,182,105.1054,15.74491,11027
994,122,105.094,15.69751,17030
995,110,105.11852,15.70401,9020
996,188,105.14048,15.74304,21285
997,184,105.07546,15.68971,18334
998,206,105.07531,15.68743,21316
999,32,105.10449,15.68627,8586
1000,58,105.08579,15.69888,19894
1001,74,105.13359,15.72094,11019
1002,93,105.07101,15.5357,27352
1003,45,105.07198,15.50425,19017
1004,99,105.07366,15.53581,12842
1005,180,105.06893,15.5494,27562
1006,82,105.08273,15.52063,20020
1007,121,105.09579,15.50858,27409
1008,90,105.0939,15.52707,18129
1009,80,105.09729,15.52351,9029
1010,88,105.12385,15.5313,18347
1011,176,105.1202,15.50564,19768
1012,60,105.11079,15.53948,8500
1013,137,105.04883,15.55737,5577
1014,121,105.04429,15.55608,13024
1015,180,105.02026,15.55885,27191
1016,98,105.02029,15.58239,22121
1017,129,105.02911,15.53683,14047
1018,91,105.05911,15.5829,8099
1019,79,105.05594,15.56791,29925
1020,88,105.04021,15.56617,5840
1021,76,105.05068,15.57339,28938
1022,95,105.04479,15.55177,28778
1023,60,105.03141,15.54682,15797
1024,89,104.94077,15.65418,22677
1025,164,104.93908,15.64481,14582
1026,67,104.93735,15.62696,9021
1027,109,104.92459,15.67515,27413
1028,149,104.92428,15.67853,23364
1029,103,104.9464,15.62617,18018
1030,167,104.91803,15.68093,28704
1031,125,104.91386,15.71312,10188
1032,50,104.92927,15.60709,8566
1033,40,104.93301,15.62273,8257
1034,49,104.92529,15.64632,28330
1035,44,104.94283,15.62205,13348
1036,71,104.92076,15.66623,16005
1037,66,105.16921,15.65751,17040
1038,152,105.17642,15.65724,5172
1039,203,105.15871,15.63452,11307
1040,118,105.15695,15.61365,9393
1041,99,105.13924,15.60919,27459
1042,108,105.1765,15.68205,21412
1043,51,105.15962,15.65752,19264
1044,107,105.13103,15.60518,21939
1045,65,105.1462,15.60213,22847
1046,73,105.17143,15.6778,11855
1047,74,105.15759,15.64658,28461
1048,162,105.19463,15.702,26847
1049,161,105.03573,15.46599,22881
1050,176,105.05061,15.44907,15508
1051,188,105.08155,15.44903,8776
1052,80,105.04791,15.43719,12687
1053,52,105.03185,15.46945,11020
1054,198,105.04828,15.44783,17981
1055,137,105.04303,15.43971,21916
1056,56,105.05819,15.42973,15669
1057,92,105.16744,15.59399,27799
1058,94,105.17214,15.57687,18294
1059,68,105.17532,15.58431,21419
1060,70,105.17153,15.58111,5416
1061,44,105.19142,15.57306,25953
1062,44,105.17008,15.57668,29535
1063,85,105.17927,15.59323,6366
1064,36,105.19218,15.58004,9371
1065,152,104.97182,15.59523,29547
1066,201,104.98736,15.61449,7529
1067,171,104.98077,15.63397,17037
1068,187,104.97851,15.63146,27896
1069,106,104.9282,15.59389,21120
1070,50,104.93794,15.5744,19628
1071,194,104.96508,15.55872,13068
1072,85,104.96757,15.59749,25697
1073,146,104.99115,15.6147,25259
1074,139,104.95417,15.68269,9931
1075,110,104.97118,15.71512,29620
1076,113,104.95085,15.67895,14860
1077,80,104.96743,15.71523,16434
1078,110,105.00303,15.67573,5706
1079,149,105.00056,15.66314,24170
1080,76,104.99955,15.69896,10282
1081,161,104.97179,15.72712,6876
1082,111,104.94722,15.67923,12587
1083,91,104.96435,15.71309,17164
1084,56,104.97662,15.65359,12666
1085,34,105.01512,15.5429,5742
1086,102,104.98077,15.54779,14800
1087,107,104.98445,15.54972,29592
1088,85,104.9806,15.56277,25494
1089,90,105.00892,15.53146,14609
1090,104,105.01946,15.54067,18078
1091,92,105.00181,15.5419,18499
1092,54,105.00565,15.5346,26600
1093,49,105.01638,15.52984,28987
1094,84,104.98263,15.55249,12461
1095,119,105.00883,15.51098,10082
1096,168,105.02918,15.52544,10952
1097,70,105.02001,15.51869,23520
1098,203,105.04398,15.52801,11765
1099,112,105.04618,15.52375,14209
1100,103,105.04082,15.531,26165
1101,118,105.0402,15.52593,11044
1102,188,105.0601,15.52763,12854
1103,62,104.9411,15.72945,27627
1104,68,104.94129,15.72641,8220
1105,79,104.94954,15.71328,11259
1106,76,104.9525,15.71863,7303
1107,51,104.94047,15.7066,5856
1108,121,104.9163,15.74551,9544
1109,70,104.94196,15.73778,8249
1110,119,104.94291,15.7228,25900
1111,166,105.13483,15.66773,23065
1112,95,105.12161,15.68063,6113
1113,33,105.14921,15.67087,6270
1114,121,105.16167,15.67116,24758
1115,50,105.14138,15.64736,12728
1116,83,105.13555,15.64097,6705
1117,151,105.14681,15.69251,14589
1118,63,105.13351,15.69277,28512
1119,66,105.17947,15.63394,29748
1120,126,105.19074,15.63586,26565
1121,79,105.1963,15.60363,5984
1122,55,105.18281,15.61789,22671
1123,158,105.22461,15.69605,11249
1124,77,105.21828,15.67833,10575
1125,57,105.18547,15.63889,8519
1126,33,105.18486,15.63042,21812
1127,78,105.19367,15.55666,5069
1128,105,105.17625,15.53884,26123
1129,169,105.18949,15.49497,17506
1130,99,105.15976,15.54403,25437
1131,81,105.19229,15.52503,16228
1132,63,105.18504,15.53401,25876
1133,213,105.17759,15.49053,8835
1134,59,105.17634,15.52563,20447
1135,92,105.18654,15.51966,17632
1136,96,105.16366,15.55407,9986
1137,80,105.19482,15.51809,14291
1138,81,105.18705,15.56145,25239
1139,151,105.02593,15.71702,7345
1140,99,105.02549,15.71334,13981
1141,113,105.02033,15.70423,25054
1142,89,105.02999,15.70992,23795
1143,77,105.02698,15.73624,26526
1144,89,105.03635,15.72877,15352
1145,85,105.03334,15.72068,5935
1146,103,105.0835,15.65396,9594
1147,63,105.0858,15.65998,17660
1148,50,105.10049,15.66162,16484
1149,66,105.09292,15.64133,10331
1150,64,105.06733,15.64669,24874
1151,109,105.06839,15.65329,17241
1152,71,105.06099,15.65262,24748
1153,45,105.08724,15.67277,14567
1154,39,105.09587,15.63969,19012
1155,349,105.036,15.63169,19462
1156,167,105.04444,15.61122,8739
1157,166,105.04774,15.60919,7817
1158,96,105.01181,15.62201,10487
1159,82,105.00395,15.64359,22751
1160,121,105.00186,15.63368,14628
1161,97,105.04748,15.64408,22704
1162,130,105.01547,15.64351,11346
1163,183,104.98696,15.78426,11212
1164,125,104.97968,15.79396,5185
1165,107,104.97362,15.82553,29578
1166,132,105.02251,15.80043,10737
1167,75,104.97296,15.77398,21611
1168,127,105.0399,15.77063,24483
1169,185,105.02019,15.77909,13409
1170,115,104.98951,15.78837,19905
1171,115,104.97848,15.80678,26456
1172,81,105.00516,15.77666,9178
1173,62,105.05607,15.78375,18451
1174,95,104.96729,15.82253,19233
1175,55,105.04308,15.79591,24775
1176,137,105.01927,15.83669,14913
1177,105,105.02006,15.82824,15128
1178,104,105.0301,15.83525,17029
1179,85,105.05226,15.84783,11911
1180,107,105.02435,15.87435,11547
1181,125,105.01146,15.89504,9998
1182,184,104.97452,15.8642,6121
1183,92,104.98017,15.87485,28494
1184,110,105.03958,15.89883,16334
1185,174,104.99736,15.90269,12568
1186,34,105.00175,15.88968,19158
1187,116,105.04846,15.86197,28631
1188,52,104.98573,15.85604,27901
1189,48,105.01194,15.83643,13495
1190,153,105.01577,15.86768,16849
1191,118,105.01788,15.87866,9379
1192,92,105.08832,15.75988,9397
1193,52,105.04228,15.74724,24775
1194,105,105.05792,15.74802,28930
1195,172,105.11628,15.79273,19838
1196,46,105.06597,15.77694,20060
1197,65,105.13759,15.79532,7963
1198,114,105.13242,15.78069,10014
1199,59,105.07615,15.78974,8693
1200,154,105.14797,15.81121,6149
1201,94,105.05371,15.76604,12622
1202,48,105.07752,15.78003,25679
1203,154,105.08905,15.76423,15687
1204,138,104.98028,15.75231,25411
1205,100,104.9728,15.76328,6398
1206,25,104.96258,15.75643,23795
1207,38,104.98068,15.76014,19184
1208,97,104.95111,15.76551,5823
1209,52,104.94452,15.7671,19227
1210,98,105.01465,15.74038,7585
1211,163,105.08987,15.80963,14123
1212,136,105.07404,15.79867,9903
1213,113,105.08392,15.8135,14724
1214,171,105.09059,15.83094,21713
1215,67,105.07872,15.82664,15463
1216,60,105.06221,15.8805,25991
1217,30,105.12075,15.82624,7698
1218,79,105.09179,15.84057,9174
1219,126,105.11226,15.81063,11316
1220,129,105.06971,15.8405,28263
1221,61,105.06808,15.88126,22866
1222,115,105.07023,15.79576,5823
1223,61,105.07742,15.84904,14424
1224,178,104.72368,15.51621,26188
1225,85,104.68648,15.48942,21307
1226,93,104.69245,15.49286,23275
1227,78,104.70517,15.50416,21232
1228,110,104.72556,15.51,11431
1229,158,104.68772,15.50537,13892
1230,204,104.76846,15.49602,8157
1231,210,104.74855,15.48817,11935
1232,82,104.7119,15.49844,11236
1233,121,104.72653,15.51358,6715
1234,154,104.68739,15.50859,18925
1235,68,104.65516,15.6652,8088
1236,94,104.68771,15.64818,22874
1237,120,104.68016,15.65928,11014
1238,55,104.71445,15.64772,11723
1239,101,104.62846,15.66974,20071
1240,46,104.615,15.67034,19632
1241,131,104.65223,15.66181,19301
1242,70,104.6486,15.65382,7374
1243,235,104.68536,15.64537,19285
1244,124,104.69848,15.64243,24647
1245,32,104.65987,15.66146,9899
1246,98,104.68643,15.64094,14273
1247,131,104.73212,15.6291,20658
1248,126,104.71835,15.60627,14030
1249,78,104.74895,15.59455,20614
1250,45,104.70913,15.60955,8744
1251,98,104.7409,15.65013,17194
1252,167,104.73944,15.64674,5079
1253,80,104.78374,15.60642,7836
1254,176,104.75688,15.6138,6386
1255,48,104.73145,15.59899,15447
1256,34,104.75824,15.59929,8894
1257,50,104.75997,15.62981,19820
1258,132,104.73362,15.63297,23328
1259,64,104.80456,15.57697,7086
1260,269,104.82037,15.55756,7893
1261,75,104.84397,15.53747,13482
1262,75,104.80758,15.57253,29425
1263,203,104.79302,15.56255,7774
1264,177,104.83306,15.54902,11356
1265,103,104.80245,15.56602,12855
1266,122,104.79675,15.56157,13925
1267,131,104.73305,15.55645,8441
1268,145,104.7332,15.5598,27797
1269,168,104.75284,15.57003,9228
1270,198,104.74505,15.57824,22334
1271,140,104.7193,15.56529,23841
1272,144,104.69975,15.56291,25566
1273,138,104.70227,15.56534,17827
1274,87,104.77618,15.57613,17200
1275,87,104.71739,15.55531,25376
1276,166,104.70516,15.55771,6997
1277,111,104.72154,15.57279,18566
1278,145,104.74793,15.58173,29581
1279,110,104.69017,15.57349,14874
1280,189,104.75699,15.55109,17333
1281,102,104.75728,15.52301,19234
1282,75,104.78296,15.53357,28235
1283,172,104.82596,15.47361,13695
1284,208,104.82252,15.53066,12431
1285,149,104.81381,15.48477,12258
1286,218,104.80262,15.51285,8553
1287,147,104.82475,15.52754,11496
1288,200,104.84051,15.49692,8279
1289,58,104.84427,15.49127,15174
1290,40,104.8357,15.47966,10420
1291,156,104.75257,15.55091,16790
1292,91,104.81129,15.43734,9814
1293,144,104.83495,15.40176,11967
1294,160,104.84125,15.41627,10441
1295,111,104.82439,15.42974,20249
1296,142,104.76209,15.4649,21018
1297,92,104.78837,15.48857,10553
1298,160,104.81212,15.44101,6726
1299,206,104.8084,15.45471,8051
1300,206,104.77001,15.47267,9793
1301,104,104.84597,15.43073,5314
1302,111,104.83967,15.4011,28152
1303,163,104.76644,15.40307,19126
1304,73,104.76013,15.37377,29082
1305,109,104.77908,15.39489,7779
1306,57,104.77369,15.40586,21447
1307,101,104.78479,15.4059,6016
1308,78,104.76229,15.4119,5405
1309,113,104.76508,15.37537,29013
1310,122,104.76356,15.40315,18911
1311,83,104.68331,15.45208,26388
1312,203,104.66182,15.47464,20908
1313,58,104.66727,15.46058,18213
1314,124,104.69535,15.43119,5081
1315,73,104.71041,15.45945,9450
1316,213,104.70258,15.47299,23539
1317,96,104.66419,15.41309,12479
1318,30,104.72282,15.467,10381
1319,75,104.68756,15.4799,18090
1320,73,104.66821,15.47745,9277
1321,136,104.68061,15.45549,18537
1322,97,104.66281,15.3916,24514
1323,80,104.71721,15.47902,19883
1324,144,104.70285,15.47618,10069
1325,91,104.66059,15.45686,9972
1326,53,104.64325,15.50886,18767
1327,120,104.66807,15.51787,6569
1328,139,104.6524,15.50697,7502
1329,155,104.64312,15.50391,20272
1330,114,104.63575,15.50414,10188
1331,98,104.63954,15.50889,5779
1332,118,104.64903,15.49113,22403
1333,151,104.61369,15.50481,18861
1334,125,104.67351,15.55853,21238
1335,219,104.65485,15.56145,19857
1336,256,104.64868,15.61132,25754
1337,136,104.66228,15.58078,11314
1338,113,104.6443,15.63288,14642
1339,111,104.67673,15.56736,7468
1340,162,104.65435,15.55862,9034
1341,243,104.67538,15.61835,19376
1342,73,104.68113,15.60233,25283
1343,125,104.64232,15.62909,13961
1344,203,104.67358,15.62191,11872
1345,38,104.67654,15.55527,8704
1346,71,104.68008,15.59375,22050
1347,160,104.61691,15.60923,25705
1348,47,104.62282,15.63698,23487
1349,112,104.60508,15.58,5754
1350,121,104.64249,15.57982,16144
1351,102,104.58863,15.60388,20052
1352,59,104.62145,15.60033,23618
1353,54,104.6154,15.5968,9591
1354,60,104.61935,15.61099,28336
1355,66,104.62664,15.62314,29326
1356,115,104.62167,15.61292,18640
1357,100,104.64334,15.57643,15059
1358,128,104.60657,15.58289,7676
1359,71,104.58519,15.52244,27061
1360,107,104.62314,15.5586,25709
1361,85,104.65151,15.54001,28512
1362,43,104.64724,15.53727,16483
1363,137,104.57821,15.5448,7249
1364,115,104.6111,15.53229,10314
1365,127,104.60313,15.54642,21558
1366,96,104.61354,15.53428,21434
1367,68,104.61757,15.55846,22674
1368,65,104.73721,15.45006,24634
1369,56,104.74171,15.45195,16138
1370,86,104.72206,15.44226,27605
1371,95,104.74338,15.45931,16967
1372,59,104.73088,15.46976,23324
1373,69,104.74221,15.47241,5492
1374,123,104.74212,15.43588,10949
1375,155,104.77009,15.44409,14465
1376,70,104.75798,15.43494,26336
1377,68,104.74723,15.42711,12202
1378,95,104.89102,15.14731,25712
1379,152,104.89158,15.13672,24447
1380,70,104.88774,15.12451,27899
1381,76,104.8952,15.13148,27430
1382,110,104.89629,15.13561,14188
1383,109,104.88367,15.15533,5362
1384,207,104.88565,15.14327,25582
1385,193,104.88612,15.13663,6260
1386,75,104.89816,15.12915,25619
1387,184,104.90119,15.15089,25958
1388,68,104.89207,15.15888,16678
1389,161,104.71463,15.1355,22448
1390,207,104.73383,15.11678,8722
1391,77,104.72301,15.11669,24825
1392,116,104.79221,15.128,18122
1393,219,104.76574,15.11165,7152
1394,114,104.71063,15.1333,29897
1395,158,104.7242,15.12269,13271
1396,93,104.71283,15.13235,9846
1397,131,104.7795,15.10344,11701
1398,131,104.72563,15.12778,16560
1399,143,104.83448,15.11656,16089
1400,117,104.82768,15.11961,8766
1401,162,104.81782,15.10221,5398
1402,114,104.81193,15.07828,12808
1403,161,104.7994,15.08724,19114
1404,133,104.82785,15.11566,23909
1405,94,104.81479,15.073,20952
1406,84,104.81134,15.07364,21588
1407,73,104.81478,15.06796,14024
1408,102,104.79499,15.11773,6394
1409,111,104.83137,15.11663,15555
1410,105,104.86058,15.09571,11868
1411,116,104.85686,15.12878,20993
1412,126,104.86479,15.1243,10168
1413,153,104.85912,15.09892,25121
1414,141,104.89204,15.05121,7777
1415,104,104.85549,15.10065,8173
1416,185,104.86416,15.09776,22456
1417,186,104.83442,15.07932,8992
1418,170,104.87602,15.11926,8109
1419,75,104.87256,15.11692,5951
1420,101,104.85355,15.05894,21083
1421,161,104.93152,15.00723,28353
1422,86,104.92823,15.005,6323
1423,138,104.93347,15.02206,22276
1424,85,104.91087,14.99132,17664
1425,94,104.92017,14.96179,5023
1426,44,104.9149,14.9617,12081
1427,100,104.90094,14.99458,6480
1428,127,104.88748,14.98844,19199
1429,76,104.91342,14.95225,24050
1430,56,104.89394,14.97577,7168
1431,134,104.89763,15.00613,12045
1432,186,104.92449,15.01257,20301
1433,49,104.9233,14.99403,5965
1434,82,104.88256,14.99722,26998
1435,32,104.91431,14.9728,11508
1436,74,104.93016,15.00117,16804
1437,281,104.82551,15.1988,25837
1438,249,104.80706,15.20121,17866
1439,126,104.83504,15.18393,5741
1440,175,104.81376,15.20378,29775
1441,161,104.83173,15.20406,14139
1442,81,104.8409,15.19691,14844
1443,94,104.83274,15.18662,16342
1444,216,104.83661,15.19743,28368
1445,183,104.76418,15.15248,6529
1446,106,104.74757,15.14133,23531
1447,183,104.78702,15.1546,15534
1448,147,104.71806,15.16906,24037
1449,101,104.73351,15.18504,25877
1450,159,104.77762,15.15826,16039
1451,120,104.77809,15.15317,15676
1452,151,104.76638,15.12766,5656
1453,146,104.76011,15.16192,10244
1454,81,104.78191,15.15597,21806
1455,125,104.71814,15.17899,6741
1456,101,104.7587,15.16907,9598
1457,91,104.75571,15.16317,27696
1458,89,104.71394,15.16847,20338
1459,77,104.72891,15.18417,19361
1460,159,104.76093,15.16581,22444
1461,126,104.71325,15.1768,10060
1462,90,104.77421,15.15969,26309
1463,194,104.91381,15.14659,26476
1464,215,104.91307,15.18843,14970
1465,82,104.90338,15.13697,9888
1466,138,104.91854,15.16534,15089
1467,225,104.90857,15.16991,22480
1468,225,104.91262,15.17852,9597
1469,115,104.8997,15.17276,16169
1470,174,104.95804,15.12878,17444
1471,153,104.92694,15.11782,10907
1472,88,104.94542,15.12101,8172
1473,181,104.96808,15.13432,25564
1474,239,104.95176,15.12403,9212
1475,177,104.93462,15.11501,14849
1476,150,104.92165,15.11348,14785
1477,99,104.9291,15.1121,25398
1478,114,104.94002,15.1189,15338
1479,249,104.84408,15.18066,16271
1480,322,104.87057,15.18414,7003
1481,173,104.87966,15.17173,18544
1482,187,104.87563,15.16982,12681
1483,178,104.88153,15.16568,25642
1484,70,104.85197,15.15521,8504
1485,122,104.84974,15.16053,26870
1486,196,104.85596,15.15835,22385
1487,172,104.87145,15.15611,28098
1488,395,104.87785,15.18311,16392
1489,223,104.88464,15.16667,20176
1490,117,104.85238,15.15881,11018
1491,112,104.86363,15.1643,11309
1492,136,104.77578,15.23181,28529
1493,259,104.77371,15.1932,26032
1494,192,104.75642,15.20733,5554
1495,160,104.80044,15.18931,23373
1496,178,104.80027,15.18045,15045
1497,268,104.78726,15.2071,7494
1498,198,104.80157,15.23484,9114
1499,228,104.75425,15.20058,12584
1500,132,104.82415,15.14132,13549
1501,99,104.81032,15.17187,15073
1502,188,104.80822,15.15888,29613
1503,69,104.81622,15.14458,23632
1504,128,104.84083,15.13514,26143
1505,141,104.82761,15.13966,25687
1506,106,104.81986,15.14447,21213
1507,179,104.81778,15.16334,24083
1508,127,104.81631,15.17312,13166
1509,187,104.83118,15.15716,12763
1510,105,104.8864,15.11192,21317
1511,72,104.89355,15.11111,26830
1512,158,104.90939,15.1084,20126
1513,137,104.90522,15.10915,5338
1514,220,104.91426,15.11206,6192
1515,137,104.96763,15.05002,13877
1516,165,104.95108,15.04392,8439
1517,100,104.94685,15.03287,29535
1518,84,104.9641,15.04825,23584
1519,87,104.6897,15.10833,20961
1520,132,104.68692,15.10939,22779
1521,82,104.69075,15.104,28445
1522,86,104.70557,15.08507,20632
1523,64,104.68363,15.11319,24467
1524,111,104.68907,15.11283,28450
1525,28,104.70678,15.06866,7068
1526,171,104.70276,15.08859,17348
1527,96,104.69095,15.12054,23697
1528,180,104.69414,15.10802,8104
1529,156,104.93189,15.22895,29829
1530,101,104.94141,15.20681,15700
1531,131,104.89942,15.21238,20801
1532,260,104.93034,15.21756,15054
1533,100,104.91334,15.2127,10244
1534,214,104.91572,15.21626,21514
1535,126,104.92437,15.22153,8590
1536,109,104.8817,15.22354,6304
1537,84,104.87193,15.21198,13635
1538,159,105.23756,15.23644,25437
1539,148,105.24189,15.22549,12520
1540,113,105.22025,15.21765,24305
1541,170,105.26011,15.18393,8949
1542,128,105.256,15.23191,18298
1543,156,105.26349,15.22698,19415
1544,178,105.27941,15.22664,16594
1545,77,105.30019,15.2249,27041
1546,178,105.22953,15.20648,25342
1547,193,105.27161,15.22338,13004
1548,78,105.28546,15.22672,9207
1549,101,105.2947,15.21188,10681
1550,159,105.24815,15.19803,29702
1551,295,105.26125,15.15109,18048
1552,149,105.21863,15.14851,19283
1553,111,105.32625,15.12111,25372
1554,181,105.28001,15.12659,29456
1555,118,105.23824,15.15471,29326
1556,119,105.27868,15.1577,24479
1557,54,105.21773,15.13465,17615
1558,131,105.25426,15.12159,23613
1559,171,105.31364,15.15207,14801
1560,112,105.2771,15.16795,14593
1561,73,105.22087,15.12797,13371
1562,78,105.23008,15.16093,21807
1563,134,105.29532,15.11729,11939
1564,254,105.25726,15.15209,25592
1565,84,105.30114,15.10066,29098
1566,138,105.32647,15.16481,19376
1567,155,105.20679,15.15487,29479
1568,163,105.28584,15.24924,9374
1569,109,105.30709,15.27291,6877
1570,143,105.3121,15.27473,19479
1571,222,105.33386,15.28897,28484
1572,138,105.34013,15.29152,11358
1573,170,105.30909,15.27718,6855
1574,47,105.36011,15.29661,6243
1575,186,105.1048,15.09448,12614
1576,250,105.11143,15.09441,25869
1577,206,105.15476,15.05001,27785
1578,82,105.1736,15.09343,15789
1579,168,105.19517,15.12333,9173
1580,132,105.19953,15.13236,27970
1581,126,105.08203,15.08888,17902
1582,127,105.32253,14.96929,6528
1583,202,105.3175,15.00508,29340
1584,97,105.30797,14.97196,18852
1585,193,105.32304,14.96555,25345
1586,181,105.31599,14.99234,17896
1587,87,105.32532,14.99025,14927
1588,107,105.32064,15.01784,22152
1589,111,105.31134,14.96616,5004
1590,68,105.16842,15.30534,17001
1591,209,105.20247,15.30273,5725
1592,119,105.18125,15.31094,17141
1593,49,105.17411,15.24993,29741
1594,140,105.14937,15.21357,20687
1595,172,105.15472,15.22018,5808
1596,137,105.21387,15.24191,7038
1597,158,105.15237,15.21667,29904
1598,180,105.19936,15.1922,21636
1599,141,105.16677,15.2348,19526
1600,124,105.20617,15.24362,17437
1601,101,105.18634,15.22431,8182
1602,207,105.21947,15.29031,15276
1603,247,105.21014,15.30395,25080
1604,182,105.21127,15.30011,14631
1605,242,105.22351,15.30054,14568
1606,208,105.23936,15.25352,5382
1607,212,105.2601,15.24919,14508
1608,253,105.23155,15.26646,27026
1609,191,105.24502,15.25129,10105
1610,259,105.23321,15.26141,10498
1611,125,105.28024,15.23728,18798
1612,76,105.20752,15.3063,13879
1613,143,105.27979,15.29744,5301
1614,118,105.28998,15.32796,13676
1615,193,105.28854,15.33371,18148
1616,230,105.30223,15.35771,5471
1617,174,105.30307,15.36291,16687
1618,33,105.30781,15.36984,5196
1619,166,105.29261,15.33113,12698
1620,182,105.3033,15.32324,28778
1621,104,105.30499,15.35773,29073
1622,129,105.15013,15.18224,19210
1623,112,105.14602,15.18332,11134
1624,75,105.14619,15.17936,16897
1625,127,105.14008,15.17228,25809
1626,95,105.13538,15.17227,28312
1627,190,105.1335,15.1698,8550
1628,148,105.13033,15.16968,18425
1629,97,105.07765,15.17139,10705
1630,120,105.13337,15.17292,26221
1631,86,105.05863,15.13998,6971
1632,104,105.12058,15.16622,26048
1633,121,105.1959,15.14201,25013
1634,158,105.23549,15.11463,7619
1635,194,105.23722,15.10838,25228
1636,125,105.24141,15.10958,7995
1637,109,105.24101,15.09443,27883
1638,114,105.22375,15.08281,8591
1639,180,105.21557,15.0661,23987
1640,178,105.18988,15.09411,15555
1641,197,105.19412,15.09463,16742
1642,95,105.20788,15.10326,7393
1643,155,105.18562,15.04658,13627
1644,165,105.21435,15.02945,27510
1645,165,105.22059,15.0097,22297
1646,149,105.18762,15.09643,15065
1647,166,105.27794,15.08591,17852
1648,29,105.27456,15.05722,28713
1649,52,105.2758,15.05212,24224
1650,90,105.2591,15.06291,12394
1651,52,105.29364,15.00498,23272
1652,46,105.29232,14.97865,12538
1653,113,105.2589,15.06623,21957
1654,147,105.29646,15.03294,20846
1655,120,105.34105,15.08482,13643
1656,154,105.30782,15.09265,5777
1657,82,105.31086,15.09091,20620
1658,171,105.33044,15.03312,10861
1659,154,105.34728,15.06462,8179
1660,79,105.34439,15.09648,14876
1661,66,105.33843,15.07069,15645
1662,58,105.33072,15.03643,13868
1663,59,105.33977,15.03884,19984
1664,101,105.26291,15.02316,17075
1665,151,105.23951,14.99299,7879
1666,128,105.23082,15.0392,14931
1667,193,105.23691,15.06651,28154
1668,152,105.24475,15.03982,19208
1669,184,105.23735,15.00702,17500
1670,164,105.26096,15.00412,14875
1671,88,105.11303,15.3169,6925
1672,164,105.12332,15.30746,23162
1673,196,105.14251,15.30952,8942
1674,103,105.19694,15.3123,23896
1675,265,105.16574,15.3128,18780
1676,110,105.18125,15.3168,28159
1677,90,105.18612,15.31612,14163
1678,32,105.20455,15.3091,8211
1679,148,105.20401,15.31639,14979
1680,90,105.17014,15.31286,8513
1681,193,105.1475,15.31011,21568
1682,47,105.13194,15.30748,26267
1683,43,105.11298,15.30938,9061
1684,38,105.17542,15.31661,24818
1685,110,105.19128,15.32801,11890
1686,167,105.22156,15.36999,9993
1687,122,105.22258,15.36552,25198
1688,100,105.2249,15.36208,20285
1689,171,105.22145,15.36035,18578
1690,85,105.2237,15.37872,10956
1691,84,105.22157,15.40888,15742
1692,108,105.22287,15.37533,29002
1693,159,105.10871,15.35114,16793
1694,212,105.11646,15.34064,25192
1695,163,105.10451,15.36848,21133
1696,187,105.10622,15.37014,6763
1697,148,105.12045,15.36604,14109
1698,46,105.12886,15.35226,23563
1699,121,105.1132,15.33518,21765
1700,65,105.1209,15.33266,12745
1701,91,105.11128,15.34615,20509
1702,222,105.19031,15.42301,19021
1703,193,105.18296,15.43541,7074
1704,97,105.17075,15.44739,26679
1705,58,105.19468,15.43308,8513
1706,89,105.20536,15.45681,21703
1707,86,105.19451,15.42457,5595
1708,68,105.20974,15.45911,11348
1709,154,105.07971,15.3952,24625
1710,137,105.08598,15.3932,11191
1711,104,105.07078,15.41463,27798
1712,71,105.06877,15.3902,15756
1713,62,105.12105,15.39086,27359
1714,71,105.06023,15.40019,22629
1715,53,105.11165,15.3959,6770
1716,226,105.14905,15.45138,15417
1717,105,105.15231,15.42789,18067
1718,57,105.13598,15.43441,21161
1719,50,105.10341,15.37822,5653
1720,41,105.09663,15.38294,27034
1721,149,105.073,15.41695,6602
1722,135,105.16718,15.36486,25108
1723,162,105.16932,15.36854,7916
1724,129,105.14505,15.38523,18108
1725,107,105.1852,15.39439,28868
1726,84,105.15455,15.41098,17732
1727,117,105.18479,15.38948,13552
1728,91,105.26913,15.81942,22949
1729,52,105.24975,15.82372,16278
1730,89,105.20814,15.82086,17419
1731,187,105.22548,15.83016,26640
1732,102,105.23791,15.815,5690
1733,121,105.22271,15.82597,7434
1734,124,105.29537,15.8064,22390
1735,107,105.27388,15.80078,7062
1736,81,105.28039,15.80964,6439
1737,120,105.297,15.78814,12154
1738,48,105.25719,15.83115,21356
1739,146,105.18491,15.81497,14109
1740,77,105.24929,15.81972,29465
1741,73,105.19597,15.82826,20664
1742,127,105.2551,15.82276,9268
1743,118,105.26432,15.85437,22325
1744,83,105.25922,15.85144,9976
1745,75,105.24375,15.85315,21678
1746,77,105.25998,15.86671,18021
1747,106,105.24359,15.86211,8727
1748,104,105.2536,15.87682,17635
1749,67,105.26811,15.862,14253
1750,127,105.28621,15.87273,18306
1751,71,105.26919,15.87246,11753
1752,109,105.26819,15.88569,25497
1753,64,105.28962,15.85721,18344
1754,38,105.2813,15.84516,6067
1755,31,105.25229,15.85797,23120
1756,42,105.27979,15.85817,18007
1757,56,105.27141,15.84022,24800
1758,135,105.35376,15.71392,28425
1759,165,105.42502,15.70883,9578
1760,185,105.37215,15.68535,5800
1761,145,105.41774,15.69965,13060
1762,126,105.45583,15.7432,20372
1763,126,105.45819,15.72126,19015
1764,112,105.47829,15.71981,29503
1765,199,105.38223,15.82877,24073
1766,90,105.32015,15.84839,5181
1767,144,105.30804,15.82917,7809
1768,124,105.33979,15.81947,18840
1769,99,105.33218,15.85067,24066
1770,87,105.38476,15.8228,12810
1771,130,105.34375,15.79883,17347
1772,131,105.3631,15.80785,16337
1773,155,105.24804,15.77917,23739
1774,257,105.2819,15.74828,28043
1775,130,105.22214,15.79014,14153
1776,115,105.2062,15.78675,11956
1777,99,105.2632,15.75945,20163
1778,193,105.28562,15.78035,23660
1779,157,105.28017,15.7188,14534
1780,101,105.23124,15.79179,11973
1781,164,105.42927,15.74904,12802
1782,114,105.34618,15.73281,29562
1783,90,105.36407,15.74714,12076
1784,121,105.37952,15.78091,15823
1785,202,105.40417,15.76916,6065
1786,105,105.39166,15.76053,12693
1787,42,105.36488,15.77751,13226
1788,122,105.39609,15.74752,26592
1789,121,104.7801,15.00912,14831
1790,151,104.76522,15.00588,17269
1791,138,104.77846,15.00043,28524
1792,142,104.79163,15.00557,11538
1793,259,104.79928,15.03527,16058
1794,117,104.80324,15.0175,26409
1795,95,104.78817,14.99921,17732
1796,156,104.77601,15.02047,18360
1797,137,104.8291,15.04421,20473
1798,106,104.81858,15.05643,19467
1799,98,104.81547,15.05529,9806
1800,56,104.8113,15.04653,18953
1801,60,104.80855,15.04883,23732
1802,63,104.81871,15.02148,21332
1803,76,104.84729,15.02383,13844
1804,71,104.84018,15.0031,5265
1805,64,104.85285,14.99523,8363
1806,45,104.85605,15.00845,11694
1807,46,104.8764,15.0264,21726
1808,61,104.86769,15.03112,28620
1809,64,104.87153,15.02045,5920
1810,108,104.85887,14.99435,18035
1811,94,104.86361,15.04786,26237
1812,117,104.83098,15.04798,23463
1813,137,104.73491,14.95395,25003
1814,158,104.76594,14.99138,26564
1815,72,104.73677,14.9564,26913
1816,82,104.77851,14.94309,26076
1817,157,104.77511,14.97031,28492
1818,120,104.76796,14.92909,25399
1819,202,104.77317,14.97365,25758
1820,114,104.7717,14.95002,22515
1821,119,104.75799,14.9829,9989
1822,130,104.75414,14.98176,11388
1823,67,104.75843,14.95421,20589
1824,118,104.79804,14.91658,16993
1825,103,104.78527,14.95612,23664
1826,105,104.81342,14.92968,13352
1827,55,104.80048,14.95206,12728
1828,117,104.81194,14.89256,17875
1829,133,104.79675,14.9332,12062
1830,125,104.83578,14.94277,8648
1831,157,104.83659,14.90545,5170
1832,77,104.82621,14.91907,25039
1833,143,104.81762,14.91705,5788
1834,89,104.81456,14.90403,14973
1835,80,104.79394,14.9056,7125
1836,105,104.80831,14.95047,19230
1837,75,104.80994,14.8995,9122
1838,120,104.74555,15.03354,18337
1839,118,104.71314,15.01134,16697
1840,160,104.67909,15.02852,7730
1841,177,104.68835,15.05597,10407
1842,183,104.68942,15.06812,9160
1843,203,104.73688,15.00513,20765
1844,248,104.73156,15.02591,22233
1845,235,104.74272,15.02001,20868
1846,38,104.70254,15.04131,5778
1847,173,104.71286,15.01629,16872
1848,67,104.73897,15.00971,6932
1849,166,104.86275,14.95984,16123
1850,134,104.86032,14.95347,7174
1851,238,104.8762,14.94744,22690
1852,234,104.87439,14.91103,24349
1853,172,104.86232,14.89624,5475
1854,130,104.84494,14.8764,11745
1855,188,104.83569,14.85611,9490
1856,72,104.85417,14.91721,5685
1857,74,104.83976,14.94352,20212
1858,90,104.862,14.90306,22776
1859,233,104.89511,14.94281,9310
1860,100,104.71994,14.95627,16353
1861,77,104.70641,14.9775,26513
1862,62,104.736,14.96745,27786
1863,79,104.73166,14.96169,8051
1864,144,104.72608,14.94584,19758
1865,146,104.68894,14.97733,20577
1866,204,104.711,14.94065,13690
1867,84,104.69062,14.96217,19271
1868,96,104.71613,14.95126,13082
1869,132,104.71864,14.94147,26468
1870,167,104.77875,15.05748,12271
1871,142,104.78074,15.05989,21863
1872,138,104.79341,15.07344,12453
1873,74,104.76959,15.04438,25655
1874,194,104.74514,15.05983,13374
1875,86,104.739,15.04564,24568
1876,34,104.82595,14.9927,7873
1877,119,104.81477,14.99122,23857
1878,86,104.81436,14.96703,21336
1879,60,104.82527,14.96079,27045
1880,77,104.79457,14.97467,6077
1881,60,104.83561,14.99776,27472
1882,74,104.82969,14.97652,21999
1883,121,105.0293,15.30738,12780
1884,132,105.06724,15.31802,18938
1885,235,105.08852,15.31384,23125
1886,112,105.05896,15.32279,25702
1887,143,105.06407,15.31737,5442
1888,128,105.03308,15.3399,11133
1889,59,105.0425,15.33739,8859
1890,120,105.05251,15.33698,18663
1891,163,105.06611,15.32,12685
1892,84,105.0794,15.31605,29339
1893,75,105.00905,15.37495,8095
1894,156,104.99873,15.37112,22073
1895,171,105.03227,15.40226,28778
1896,114,105.04526,15.38117,6478
1897,91,105.06195,15.36801,23555
1898,128,105.06198,15.3535,17332
1899,88,105.06328,15.34973,8341
1900,163,105.00226,15.3779,14350
1901,66,105.0246,15.35362,14696
1902,101,105.01987,15.37762,13055
1903,165,105.06114,15.35731,5055
1904,243,104.99677,15.47653,8427
1905,167,104.97636,15.48463,26949
1906,186,105.03243,15.4146,18085
1907,39,105.01975,15.42763,11248
1908,128,105.01092,15.44894,6164
1909,79,104.99923,15.44939,15133
1910,87,104.97278,15.49332,22408
1911,62,104.97943,15.47957,11642
1912,58,104.97479,15.35979,9961
1913,43,104.96948,15.34763,12436
1914,52,104.9667,15.3514,26393
1915,120,104.97488,15.35597,13472
1916,116,104.97568,15.37277,18295
1917,88,104.98528,15.3482,18653
1918,95,104.96903,15.3547,21070
1919,159,104.95204,15.35491,26009
1920,86,105.29024,15.23905,29173
1921,234,105.35735,15.20618,24292
1922,125,105.32581,15.19897,23669
1923,196,105.34116,15.28629,16491
1924,104,105.32972,15.16835,15568
1925,172,105.32109,15.26674,22768
1926,128,105.33666,15.1874,20451
1927,111,105.30028,15.21087,18946
1928,212,105.31223,15.26756,20970
1929,106,105.30851,15.26607,25049
1930,244,105.43498,15.13636,21258
1931,93,105.42349,15.12679,26723
1932,579,105.45059,15.13208,12878
1933,93,105.47122,15.11895,29463
1934,241,105.47775,15.07366,18354
1935,117,105.45303,15.17224,13537
1936,139,105.46036,15.05547,13274
1937,62,105.46496,15.05794,12256
1938,170,105.41934,15.06228,14331
1939,208,105.42098,15.04454,15955
1940,144,105.39493,14.98939,13901
1941,166,105.39731,14.96493,9415
1942,167,105.43294,14.94249,11877
1943,218,105.43141,15.03115,25211
1944,189,105.46549,14.95773,23793
1945,103,105.39552,15.18838,8776
1946,226,105.38208,15.19831,29060
1947,92,105.39922,15.22188,20148
1948,125,105.42007,15.22076,18714
1949,132,105.3826,15.20578,25328
1950,128,105.38514,15.22428,24446
1951,108,105.3844,15.23699,12862
1952,179,105.37064,15.23576,24739
1953,86,105.40776,15.20819,24824
1954,107,105.41556,15.21544,14181
1955,75,105.40002,15.24482,28729
1956,88,105.40053,15.20698,10716
1957,241,105.3591,15.15183,26058
1958,211,105.35216,15.12462,19402
1959,150,105.35454,15.10606,28519
1960,127,105.47095,15.25075,29802
1961,194,105.45738,15.21719,26570
1962,43,105.48308,15.2486,17373
1963,221,105.4898,15.27287,25868
1964,164,105.43661,15.26519,24102
1965,115,105.45002,15.26335,16378
1966,125,105.49221,15.24767,16167
1967,153,105.50269,15.24748,24320
1968,60,105.47343,15.20564,9714
1969,87,105.47455,15.26019,19840
1970,69,105.47124,15.21152,27191
1971,77,105.40811,15.29945,5618
1972,144,105.37117,15.29302,19287
1973,168,104.91669,14.73108,27299
1974,155,104.90492,14.72248,12281
1975,150,104.9206,14.73266,25426
1976,203,104.89247,14.72916,9523
1977,65,104.88476,14.72846,23803
1978,101,104.91909,14.76786,20866
1979,114,104.94413,14.77793,21881
1980,56,104.90138,14.76264,21884
1981,200,104.95071,14.7446,9119
1982,97,104.97026,14.75436,19541
1983,65,104.91958,14.7263,22669
1984,106,104.95114,14.7493,27312
1985,154,104.94736,14.73969,20586
1986,53,104.96364,14.74951,29213
1987,43,104.97898,14.74844,8289
1988,40,104.97476,14.75462,7514
1989,112,104.95379,14.74246,26326
1990,155,104.91667,14.65984,12329
1991,150,104.91949,14.66344,14921
1992,55,104.96246,14.71484,18372
1993,88,104.94909,14.66617,18483
1994,126,104.89688,14.69258,6385
1995,119,104.93097,14.68534,13591
1996,116,104.97158,14.67787,26612
1997,86,104.94001,14.65889,24361
1998,110,104.92111,14.79871,21704
1999,80,104.89942,14.8203,22597
2000,143,104.91761,14.79754,14534
2001,71,104.93714,14.78827,10575
2002,84,104.89267,14.79684,21830
2003,90,104.91138,14.78853,17821
2004,138,104.94649,14.79513,11930
2005,158,104.89574,14.78687,23294
2006,109,104.94289,14.81321,8788
2007,84,104.95118,14.8211,18771
2008,79,104.86048,14.76403,6733
2009,76,104.88566,14.78393,15472
2010,101,104.83037,14.76913,11954
2011,45,104.88053,14.73422,20564
2012,73,104.8599,14.74566,23647
2013,109,104.86857,14.79996,27327
2014,83,104.85966,14.80378,11976
2015,62,104.87708,14.79643,10649
2016,43,104.85254,14.78604,14362
2017,61,105.06059,15.06646,7937
2018,55,105.06507,15.0692,10565
2019,73,105.06153,15.0626,16351
2020,87,105.0648,15.07418,14768
2021,143,105.11093,15.01689,15145
2022,122,105.11542,15.01202,19563
2023,143,105.07237,15.0437,23914
2024,104,105.05476,15.05781,12257
2025,130,104.99588,15.07258,25252
2026,187,105.01661,15.11762,23235
2027,98,105.04163,15.10326,8609
2028,157,105.00401,15.15362,6641
2029,108,105.02321,15.10811,17936
2030,126,105.04372,15.01308,10899
2031,63,105.05911,15.02152,10516
2032,150,105.072,14.99495,27154
2033,183,105.05014,14.98384,17645
2034,158,105.0892,14.97691,14028
2035,105,105.10741,14.97642,22384
2036,227,105.05012,15.01318,22771
2037,109,105.07531,14.99338,10354
2038,131,105.29245,15.89703,24688
2039,215,105.26741,15.89506,24553
2040,70,105.31395,15.87101,9197
2041,113,105.35637,15.88614,12767
2042,131,105.26069,15.90742,23471
2043,145,105.26144,15.91602,11638
2044,210,105.26796,15.91341,6892
2045,197,105.3285,15.86914,13041
2046,75,105.34712,15.89725,14303
2047,274,105.29338,15.90603,12266
2048,175,105.2984,15.89717,28892
2049,59,105.25471,15.92649,22990
2050,91,105.30521,15.8793,19217
2051,57,105.27004,15.92941,8576
2052,71,105.322,15.95248,24219
2053,125,105.35395,15.95584,23774
2054,112,105.3416,15.93599,20555
2055,162,105.30754,15.94744,9515
2056,106,105.3103,15.95855,12493
2057,160,105.31162,15.93939,27367
2058,47,105.3157,15.9661,13004
2059,78,105.34116,15.96708,6208
2060,123,105.35284,15.98068,25027
2061,123,105.33025,15.95244,7953
2062,127,105.26243,15.96621,10500
2063,184,105.28251,15.96222,28920
2064,117,105.25558,15.96216,23324
2065,89,105.28484,15.98246,12640
2066,158,105.28771,15.94178,7670
2067,165,105.28832,15.95755,20986
2068,83,105.26761,15.9523,12533
2069,201,105.26351,15.98312,16144
2070,112,105.29194,15.97561,23525
2071,98,105.25979,15.94201,23040
2072,85,105.22717,15.91439,14163
2073,79,105.24704,15.9104,25753
2074,140,105.22419,15.89917,27453
2075,159,105.18093,15.92356,20262
2076,91,105.21248,15.94029,10456
2077,90,105.23962,15.93536,7932
2078,252,105.19849,15.93226,25798
2079,185,105.17335,15.91438,10685
2080,151,105.25259,15.90074,15332
2081,109,105.23392,15.90204,10846
2082,83,105.21677,15.92249,9049
2083,97,105.21879,15.94769,13679
2084,87,105.15665,15.90948,6606
2085,78,105.2193,15.90435,27789
2086,140,104.90776,15.36315,20115
2087,218,104.91931,15.42041,11270
2088,116,104.8954,15.4446,29618
2089,156,104.92356,15.41955,16920
2090,91,104.94593,15.43049,21874
2091,171,104.9226,15.41593,8608
2092,162,104.92713,15.43948,24801
2093,198,104.95142,15.44437,15400
2094,86,104.87431,15.4599,12848
2095,118,104.86852,15.47401,6438
2096,98,104.89178,15.50582,8123
2097,66,104.86546,15.49384,28792
2098,83,104.86643,15.51064,11104
2099,78,104.8818,15.53702,16709
2100,97,104.86816,15.4399,28239
2101,102,104.89248,15.48249,14595
2102,77,104.84585,15.44801,16768
2103,80,104.91102,15.47698,27508
2104,74,104.90233,15.48542,19354
2105,102,104.87243,15.38254,18944
2106,94,104.9015,15.36182,26494
2107,75,104.86183,15.38875,24134
2108,87,104.8819,15.37287,7766
2109,116,104.8907,15.38837,25823
2110,105,104.89176,15.4014,9647
2111,100,104.87106,15.40475,10559
2112,85,104.86118,15.40796,12476
2113,93,104.88633,15.41095,28321
2114,86,104.93317,15.34451,24172
2115,158,104.92423,15.36265,19719
2116,230,104.95752,15.39897,15831
2117,125,104.96158,15.44224,10848
2118,77,104.97315,15.42691,24658
2119,88,104.92565,15.37273,12218
2120,140,104.97118,15.42372,20608
2121,91,104.92291,15.37661,20960
2122,82,105.08387,15.23791,23110
2123,57,105.07729,15.21204,15422
2124,74,105.11312,15.17656,7678
2125,73,105.08135,15.17513,5948
2126,110,105.13151,15.18164,19727
2127,72,105.14843,15.18735,18137
2128,64,105.15072,15.18494,27826
2129,166,105.16136,15.23669,17275
2130,77,105.0143,15.26281,8905
2131,174,104.99962,15.23789,20323
2132,112,104.99149,15.2102,13688
2133,192,104.96046,15.23382,27600
2134,125,104.94917,15.23604,25577
2135,155,105.00238,15.24112,23200
2136,64,104.96947,15.23857,22228
2137,137,105.0239,15.18418,13614
2138,102,104.96515,15.23517,8653
2139,172,105.00273,15.24917,28419
2140,106,105.00276,15.17846,22951
2141,130,105.02547,15.24104,8861
2142,179,105.04097,15.26615,14374
2143,109,105.03124,15.27177,19586
2144,105,105.04667,15.27218,10456
2145,134,105.03061,15.26858,16832
2146,170,105.06965,15.24784,22513
2147,87,105.05697,15.21149,13253
2148,106,105.04703,15.242,11211
2149,91,105.06007,15.24098,28122
2150,115,105.02917,15.24059,22603
2151,113,105.05385,15.2331,5561
2152,71,105.0347,15.21283,14343
2153,79,105.15108,15.30231,19184
2154,143,105.10614,15.30224,10963
2155,161,105.16398,15.29155,27904
2156,169,105.07161,15.28647,25431
2157,111,105.12566,15.27947,16188
2158,151,105.13982,15.26589,29535
2159,89,105.10539,15.25484,5140
2160,104,105.11029,15.30212,22122
2161,143,105.07583,15.28686,18434
2162,156,104.89559,14.5299,20167
2163,94,104.88333,14.54463,18895
2164,135,104.91587,14.56381,7447
2165,171,104.94307,14.60456,6445
2166,114,104.95837,14.62407,8503
2167,115,104.93293,14.56237,28903
2168,190,104.91232,14.55921,12993
2169,143,104.94233,14.54656,14155
2170,215,104.85393,14.63738,26398
2171,78,104.86018,14.65019,26693
2172,59,104.87071,14.65787,12058
2173,71,104.83657,14.56267,6669
2174,92,104.8392,14.57685,28196
2175,105,104.85485,14.59985,14614
2176,88,104.85344,14.58097,6206
2177,75,104.83697,14.58109,21564
2178,63,104.85605,14.64212,20467
2179,119,104.86253,14.65425,28929
2180,159,104.96862,14.66194,5074
2181,151,104.88938,14.60634,29686
2182,167,104.90214,14.64169,28632
2183,170,104.93049,14.61246,18684
2184,113,104.92782,14.63688,18832
2185,127,104.88482,14.62308,28803
2186,127,104.90269,14.60946,14196
2187,76,104.88864,14.63225,28651
2188,95,104.95996,14.6562,11511
2189,124,104.88593,14.60598,18780
2190,95,104.96971,14.64553,12652
2191,109,104.8602,14.51188,25800
2192,56,104.87018,14.51346,29560
2193,129,104.85002,14.52172,28488
2194,117,104.87136,14.54195,23287
2195,28,104.86636,14.48129,21363
2196,134,104.88667,14.46822,11965
2197,180,104.88594,14.51868,15150
2198,110,104.8879,14.47505,10203
